Application,Processes
nek5000, 5888
nek5000, 5888
nek5000, 5888
nek5000, 5888
nek5000, 5888
nek5000, 5888
nek5000, 5888
nek5000, 5888
nek5000, 5888
nek5000, 5888
castep.mpi, 5632
castep.mpi, 5632
castep.mpi, 5632
castep.mpi, 5632
castep.mpi, 5632
castep.mpi, 5632
castep.mpi, 5632
castep.mpi, 5632
castep.mpi, 5632
castep.mpi, 5632
gasoline2, 3520
gasoline2, 3520
gasoline2, 3520
gasoline2, 3520
gasoline2, 3520
gasoline2, 3520
gasoline2, 3520
gasoline2, 3520
gasoline2, 3520
gasoline2, 3520
castep.mpi, 3181
mikmm, 2431
mikmm, 2397
mikmm, 2293
mikmm, 2199
mikmm, 2031
nek5000, 2012
mikmm, 2005
mikmm, 1922
mikmm, 1779
gasoline2, 1500
mikmm, 1490
mikmm, 1429
mikmm, 843
gmx_mpi, 435
gmx_mpi, 435
gmx_mpi, 435
gmx_mpi, 435
gmx_mpi, 435
gmx_mpi, 435
gmx_mpi, 435
gmx_mpi, 435
gmx_mpi, 435
gmx_mpi, 435
croco, 384
croco, 384
croco, 384
croco, 384
croco, 384
croco, 384
croco, 384
croco, 384
croco, 384
croco, 384
croco, 384
gmx_mpi, 276
pmemd.MPI, 192
pmemd.MPI, 192
pmemd.MPI, 192
pmemd.MPI, 192
pmemd.MPI, 192
pmemd.MPI, 192
pmemd.MPI, 192
pmemd.MPI, 192
pmemd.MPI, 192
pmemd.MPI, 192
DSMC, 180
DSMC, 180
DSMC, 180
DSMC, 180
DSMC, 180
DSMC, 180
DSMC, 180
DSMC, 180
DSMC, 180
DSMC, 180
DSMC, 180
spinevd, 128
spinevd, 128
spinevd, 128
spinevd, 128
spinevd, 128
spinevd, 128
spinevd, 128
spinevd, 128
spinevd, 128
spinevd, 128
pmemd.MPI, 128
python, 40
python, 37
python, 35
python, 35
python, 34
python, 32
python, 32
python, 31
python, 31
python, 30
python, 26
rmblastn, 24
rmblastn, 24
rmblastn, 23
rmblastn, 23
rmblastn, 23
rmblastn, 23
rmblastn, 22
rmblastn, 22
rmblastn, 21
rmblastn, 21
rmblastn, 20
MATLAB, 7
MATLAB, 7
MATLAB, 7
MATLAB, 7
MATLAB, 7
MATLAB, 7
MATLAB, 7
MATLAB, 7
MATLAB, 7
MATLAB, 7
rsync, 4
rsync, 4
rsync, 4
rsync, 4
rsync, 4
rsync, 4
rsync, 4
rsync, 4
rsync, 4
rsync, 4
rsync, 4
ptcerandom, 4
MATLAB, 4
admixture, 3
admixture, 3
admixture, 3
admixture, 3
admixture, 3
admixture, 3
admixture, 3
admixture, 3
ptcerandom, 2
ptcerandom, 2
admixture, 2
sh, 1
python3.6, 1
python3, 1
python3, 1
python3, 1
python3, 1
python3, 1
python3, 1
python3, 1
python3, 1
ptcerandom, 1
ne, 1
irt_standard_map, 1
irt_standard_map, 1
irt_standard_map, 1
irt_standard_map, 1
irt_standard_map, 1
irt_standard_map, 1
irt_standard_map, 1
irt_standard_map, 1
irt_standard_map, 1
irt_standard_map, 1
blastp, 1
blastp, 1
blastp, 1
blastp, 1
blastp, 1
blastp, 1
blastp, 1
blastp, 1
admixture, 1
